{"0": 9646, "1": 339, "2": 15, "Ineqs. Feasibility Check": true, "Significant shift": false, "Min gap in phase angles = min(RHS - LHS)": 0.07865376012288683, "The RHS (phase angle diff max) = ": 0.7853981633974483, "Probability": 0.03546346500732375}