{"0": 0, "1": 0, "2": 0, "3": 1, "4": 3, "5": 3, "6": 7, "7": 15, "8": 44, "9": 52, "10": 77, "11": 122, "12": 154, "13": 145, "14": 190, "15": 192, "16": 216, "17": 254, "18": 297, "19": 344, "20": 403, "21": 492, "22": 492, "23": 431, "24": 457, "25": 396, "26": 329, "27": 333, "28": 353, "29": 374, "30": 305, "31": 292, "32": 200, "33": 187, "34": 162, "35": 132, "36": 115, "37": 103, "38": 78, "39": 84, "40": 67, "41": 74, "42": 74, "43": 61, "44": 74, "45": 65, "46": 64, "47": 66, "48": 55, "49": 58, "50": 70, "51": 66, "52": 67, "53": 75, "54": 76, "55": 74, "56": 77, "57": 62, "58": 69, "59": 64, "60": 68, "61": 71, "62": 62, "63": 71, "64": 37, "65": 59, "66": 41, "67": 49, "68": 43, "69": 42, "70": 42, "71": 36, "72": 22, "73": 22, "74": 21, "75": 21, "76": 17, "77": 24, "78": 12, "79": 12, "80": 8, "81": 8, "82": 4, "83": 8, "84": 1, "85": 1, "86": 1, "87": 0, "88": 1, "89": 1, "90": 1, "91": 2, "Ineqs. Feasibility Check": false, "Significant shift": false, "Min gap in phase angles = min(RHS - LHS)": -0.335884021827626, "The RHS (phase angle diff max) = ": 0.7853981633974483, "Probability": 1.0}