{"0": 10000, "Ineqs. Feasibility Check": true, "Significant shift": false, "Min gap in phase angles = min(RHS - LHS)": 0.6860847370535288, "The RHS (phase angle diff max) = ": 0.7853981633974483, "Probability": 5.162795831645108e-213}