{"0": 10000, "Ineqs. Feasibility Check": true, "Significant shift": false, "Min gap in phase angles = min(RHS - LHS)": 0.5334199023651977, "The RHS (phase angle diff max) = ": 0.7853981633974483, "Probability": 6.731137857871239e-34}