{"0": 10000, "Ineqs. Feasibility Check": true, "Significant shift": false, "Min gap in phase angles = min(RHS - LHS)": 0.5475284230114357, "The RHS (phase angle diff max) = ": 0.7853981633974483, "Probability": 4.073307375899387e-16}