{"0": 10000, "Ineqs. Feasibility Check": true, "Significant shift": false, "Min gap in phase angles = min(RHS - LHS)": 0.5037071928448966, "The RHS (phase angle diff max) = ": 0.7853981633974483, "Probability": 8.12193797510384e-27}