{"0": 10000, "Ineqs. Feasibility Check": true, "Significant shift": false, "Min gap in phase angles = min(RHS - LHS)": 0.48247923193504133, "The RHS (phase angle diff max) = ": 0.7853981633974483, "Probability": 4.70320260958562e-13}