{"0": 695, "1": 2431, "2": 694, "3": 393, "4": 848, "5": 1231, "6": 1220, "7": 903, "8": 704, "9": 348, "10": 177, "11": 100, "12": 72, "13": 55, "14": 40, "15": 32, "16": 27, "17": 11, "18": 8, "19": 5, "20": 4, "21": 0, "22": 1, "23": 0, "24": 1, "Ineqs. Feasibility Check": false, "Significant shift": true, "Min gap in phase angles = min(RHS - LHS)": -0.048162552285926696, "The RHS (phase angle diff max) = ": 0.7853981633974483, "Probability": 0.9313969206092203}