{"0": 6686, "1": 481, "2": 570, "3": 342, "4": 177, "5": 132, "6": 279, "7": 97, "8": 87, "9": 493, "10": 208, "11": 208, "12": 37, "13": 70, "14": 52, "15": 31, "16": 11, "17": 22, "18": 8, "19": 3, "20": 2, "21": 1, "22": 0, "23": 1, "24": 1, "25": 0, "26": 1, "Ineqs. Feasibility Check": true, "Significant shift": false, "Min gap in phase angles = min(RHS - LHS)": 0.4493208745964767, "The RHS (phase angle diff max) = ": 0.7853981633974483, "Probability": 0.3315998058513258}