{"0": 8794, "1": 243, "2": 222, "3": 219, "4": 64, "5": 76, "6": 74, "7": 158, "8": 56, "9": 23, "10": 28, "11": 16, "12": 6, "13": 2, "14": 5, "15": 14, "Ineqs. Feasibility Check": true, "Significant shift": true, "Min gap in phase angles = min(RHS - LHS)": 0.214447294529719, "The RHS (phase angle diff max) = ": 0.7853981633974483, "Probability": 0.12088316872698825}