{"0": 500, "Ineqs. Feasibility Check": true, "Significant shift": true, "Min gap in phase angles = min(RHS - LHS)": 0.9998454579271673, "The RHS (phase angle diff max) = ": 1.5707963267948966, "Probability": 9.047210295883786e-07, "MD-Var": [0.0008493508155731666, 1.4981530686690633e-11], "MD-KL": [0.0008960397748344938, 9.276236864176911e-09], "ALOE": [0.0008799883226358699, 0.0004510291570328627], "MD-Var-W": [0.022653619440332187, 0.050719919711145645, 0.001960761928470521, 0.0014150340147148135, 0.00787739951931285, 0.1244958135046844, 0.06994473400489866, 0.010395179562951395, 0.29324191909232483, 0.10272649246267916, 0.00654934281955266, 0.0013953390269352802, 0.0022014799972522323, 0.15639811763945793, 0.14802484727528728], "MD-KL-W": [0.022653619440332187, 0.050719919711145645, 0.001960761928470521, 0.0014150340147148135, 0.00787739951931285, 0.1244958135046844, 0.06994473400489866, 0.010395179562951395, 0.29324191909232483, 0.10272649246267916, 0.00654934281955266, 0.0013953390269352802, 0.0022014799972522323, 0.15639811763945793, 0.14802484727528728], "ALOE-W": [0.02251100349179653, 0.051465690132910524, 0.0010471557921424846, 0.00047779600661338167, 0.007214122014427128, 0.12637142873611662, 0.07126407782015, 0.00983539234872328, 0.2903820851204224, 0.10445792731956122, 0.005825278982892885, 0.00045718436119173924, 0.0012988956041841166, 0.15799425263105446, 0.1493977096378133]}