{"0": 500, "Ineqs. Feasibility Check": true, "Significant shift": false, "Min gap in phase angles = min(RHS - LHS)": 0.8640519235203351, "The RHS (phase angle diff max) = ": 1.5707963267948966, "Probability": 1.126947025725762e-16, "MD-Var": [3.655649400238569e-13, 5.680839368821213e-45], "MD-KL": [3.655649400238569e-13, 1.554468317420501e-32], "ALOE": [3.655649400238569e-13, 2.3113229424757435e-14], "MD-Var-W": [1.0], "MD-KL-W": [1.0], "ALOE-W": [1.0]}