{"0": 500, "Ineqs. Feasibility Check": true, "Significant shift": false, "Min gap in phase angles = min(RHS - LHS)": 1.332926586408884, "The RHS (phase angle diff max) = ": 1.5707963267948966, "Probability": 1.624702233746555e-61, "MD-Var": [6.973027822793799e-57, 1.1524825185106938e-197], "MD-KL": [6.973027822793799e-57, 1.6528366472098805e-141], "ALOE": [6.973027822793799e-57, 6.2367203705202026e-58], "MD-Var-W": [0.9986153001154094, 0.0013846998845905684], "MD-KL-W": [0.9986153001154094, 0.0013846998845905684], "ALOE-W": [0.9986153001154094, 0.0013846998845905684]}