{"0": 500, "Ineqs. Feasibility Check": true, "Significant shift": false, "Min gap in phase angles = min(RHS - LHS)": 1.2678773953324896, "The RHS (phase angle diff max) = ": 1.5707963267948966, "Probability": 4.035412001947156e-40, "MD-Var": [3.188488854839234e-35, 5.574255949574699e-122], "MD-KL": [3.188488854839234e-35, 1.7486458899502524e-87], "ALOE": [3.1884888548392343e-35, 3.492770334574881e-36], "MD-Var-W": [0.002245368096525921, 0.5616580511399222, 0.43609658076355196], "MD-KL-W": [0.002245368096525921, 0.5616580511399222, 0.43609658076355196], "ALOE-W": [0.0022453680965259207, 0.5616580511399221, 0.43609658076355184]}