{"0": 494, "1": 2, "2": 0, "3": 3, "4": 0, "5": 1, "Ineqs. Feasibility Check": true, "Significant shift": false, "Min gap in phase angles = min(RHS - LHS)": 1.234719037993925, "The RHS (phase angle diff max) = ": 1.5707963267948966, "Probability": 0.012015580993747714, "MD-Var": [0.01815623663835266, 2.0754265679146643e-06], "MD-KL": [0.018999160765037666, 3.57915611513347e-05], "ALOE": [0.01790448614707387, 0.020679634075880908], "MD-Var-W": [0.002711450524047648, 0.002711450524047648, 0.08813291195661845, 0.0027728981775958462, 0.0018568406658664336, 0.007683098907286938, 0.004380474862719932, 0.004380474862719932, 0.016323042840015362, 0.09912816561428732, 0.009074886024791158, 0.004380474862732567, 0.004387487270472568, 0.0014606907355207018, 0.0014606907355207018, 0.028521688656968188, 0.0016125343096588761, 0.0018620700727431441, 0.12001093910738565, 0.053314223259622526, 0.053314223259622526, 0.24844303586955543, 0.025255384567076718, 0.11012984833571868, 0.05331422325967377, 0.053376790737731244], "MD-KL-W": [0.002711450524047648, 0.002711450524047648, 0.08813291195661845, 0.0027728981775958462, 0.0018568406658664336, 0.007683098907286938, 0.004380474862719932, 0.004380474862719932, 0.016323042840015362, 0.09912816561428732, 0.009074886024791158, 0.004380474862732567, 0.004387487270472568, 0.0014606907355207018, 0.0014606907355207018, 0.028521688656968188, 0.0016125343096588761, 0.0018620700727431441, 0.12001093910738565, 0.053314223259622526, 0.053314223259622526, 0.24844303586955543, 0.025255384567076718, 0.11012984833571868, 0.05331422325967377, 0.053376790737731244], "ALOE-W": [0.0022043849711200596, 0.0022043849711200596, 0.09631754876042055, 0.0023539264391604997, 0.0008835378279521037, 0.009796924572992822, 0.0048867809283293295, 0.0048867809283293295, 0.022930822271181716, 0.10457539917249124, 0.011802050610525784, 0.0048867809283508635, 0.004898690380270174, 0.0002256501556616994, 0.0002256501556616994, 0.036738298741810047, 0.0004757738592052493, 0.0008966198837788959, 0.11804605606190134, 0.06383718491749664, 0.06383718491749664, 0.17462964123753041, 0.03241305275136878, 0.10825996869065717, 0.06383718491758986, 0.063949720947597]}