{"0": 500, "Ineqs. Feasibility Check": true, "Significant shift": false, "Min gap in phase angles = min(RHS - LHS)": 0.809327810810585, "The RHS (phase angle diff max) = ": 1.0471975511965976, "Probability": 1.8756584888105917e-27, "MD-Var": [7.043759349114588e-23, 7.319795142674022e-79], "MD-KL": [7.043759349114588e-23, 1.0392163759961345e-56], "ALOE": [7.043759349114588e-23, 4.4547459396027e-24], "MD-Var-W": [1.0], "MD-KL-W": [1.0], "ALOE-W": [1.0]}