{"0": 431, "1": 14, "2": 10, "3": 6, "4": 1, "5": 4, "6": 11, "7": 0, "8": 2, "9": 10, "10": 5, "11": 4, "12": 0, "13": 1, "14": 0, "15": 1, "Ineqs. Feasibility Check": true, "Significant shift": false, "Min gap in phase angles = min(RHS - LHS)": 0.7111202623956261, "The RHS (phase angle diff max) = ": 1.0471975511965976, "Probability": 0.1381163645224737, "MD-Var": [0.1471595699560293, 0.005160329950712185], "MD-KL": [0.141205487007502, 0.014985321399924985], "ALOE": [0.15093049520960752, 0.283353054487967], "MD-Var-W": [0.0017176263016275123, 0.0035768698663247722, 0.0035768698663247722, 0.0017957359689689965, 0.07254865350017384, 0.0017973399717863632, 0.0032777909194409926, 0.0018251539527464945, 0.0018318679211572785, 0.0024031550730394527, 0.0034805853562731664, 0.002953761200532423, 0.002953761200532423, 0.011049556714146454, 0.1104947435851748, 0.004288155133798438, 0.0029537612005322393, 0.002953778163023948, 0.0018814017302045767, 0.0018152384045429357, 0.0017534997466819302, 0.0019309728180427284, 0.0019309728180427284, 0.011099056586596713, 0.0020137564094473595, 0.0017306200949110393, 0.0017424417645348928, 0.0017305289911687008, 0.0017519355180257493, 0.0022806084282515904, 0.14533578425178795, 0.06276550388233178, 0.06276550388233178, 0.19197932961523678, 0.01174329258986419, 0.12921179254729248, 0.06276550388226738, 0.06267212878407413, 0.0017881307872877005, 0.001832830571470512], "MD-KL-W": [0.0017176263016275123, 0.0035768698663247722, 0.0035768698663247722, 0.0017957359689689965, 0.07254865350017384, 0.0017973399717863632, 0.0032777909194409926, 0.0018251539527464945, 0.0018318679211572785, 0.0024031550730394527, 0.0034805853562731664, 0.002953761200532423, 0.002953761200532423, 0.011049556714146454, 0.1104947435851748, 0.004288155133798438, 0.0029537612005322393, 0.002953778163023948, 0.0018814017302045767, 0.0018152384045429357, 0.0017534997466819302, 0.0019309728180427284, 0.0019309728180427284, 0.011099056586596713, 0.0020137564094473595, 0.0017306200949110393, 0.0017424417645348928, 0.0017305289911687008, 0.0017519355180257493, 0.0022806084282515904, 0.14533578425178795, 0.06276550388233178, 0.06276550388233178, 0.19197932961523678, 0.01174329258986419, 0.12921179254729248, 0.06276550388226738, 0.06267212878407413, 0.0017881307872877005, 0.001832830571470512], "ALOE-W": [0.00017052787565831988, 0.01403331603464254, 0.01403331603464254, 0.0008154457399633908, 0.07521076128597075, 0.0013084478927529687, 0.013493969474735329, 0.001555830193522537, 0.0016100698297589317, 0.007095513157210748, 0.015821535593283722, 0.011288360044617744, 0.011288360044617744, 0.02536905915402645, 0.08008304265013413, 0.018018627658734958, 0.011288360044646147, 0.011302364563793655, 0.002919789462732549, 0.0011966838942170737, 0.0003068639086729824, 0.0028106637033424643, 0.0028106637033424643, 0.03713647606636771, 0.004357791223749487, 0.00029187002515273163, 0.00043696143103358397, 0.00028073521978395905, 0.0005389039488498842, 0.007169539728193265, 0.09679735228477347, 0.07224462447600083, 0.07224462447600083, 0.11246535207478907, 0.03397374428548886, 0.09044334607916708, 0.07224462447603218, 0.07230195866521423, 0.0010487629392709012, 0.002191760655111854]}