{"0": 500, "Ineqs. Feasibility Check": true, "Significant shift": false, "Min gap in phase angles = min(RHS - LHS)": 0.3404531479220362, "The RHS (phase angle diff max) = ": 1.0471975511965976, "Probability": 5.8458719191064574e-08, "MD-Var": [0.00012121213538957815, 2.0429676995874504e-15], "MD-KL": [0.00012035512523376139, 1.6667830204741845e-11], "ALOE": [0.00012109000517297958, 1.0923703947228847e-05], "MD-Var-W": [0.9900721873157828, 0.009927812684217118], "MD-KL-W": [0.9900721873157828, 0.009927812684217118], "ALOE-W": [0.9899568874487861, 0.010043112551213868]}