{"0": 500, "Ineqs. Feasibility Check": true, "Significant shift": false, "Min gap in phase angles = min(RHS - LHS)": 0.7442786197341906, "The RHS (phase angle diff max) = ": 1.0471975511965976, "Probability": 1.6951430443310929e-19, "MD-Var": [2.3675022338530897e-16, 4.857476042293893e-56], "MD-KL": [2.3931629361329666e-16, 2.012249656111221e-40], "ALOE": [2.3732591037749474e-16, 3.7572978589570325e-17], "MD-Var-W": [0.35075472079520503, 0.3356716060648041, 0.007276912230193596, 0.021410690254425692, 0.0015359726678267336, 0.28335009798754507], "MD-KL-W": [0.35075472079520503, 0.3356716060648041, 0.007276912230193596, 0.021410690254425692, 0.0015359726678267336, 0.28335009798754507], "ALOE-W": [0.3518592491199759, 0.3366856357011928, 0.0063205737035749, 0.020539154395952504, 0.0005451885038337299, 0.28405019857547015]}