{"0": 486, "1": 5, "2": 3, "3": 3, "4": 0, "5": 1, "6": 0, "7": 1, "8": 0, "9": 0, "10": 1, "Ineqs. Feasibility Check": true, "Significant shift": true, "Min gap in phase angles = min(RHS - LHS)": 0.47624668232886835, "The RHS (phase angle diff max) = ": 1.0471975511965976, "Probability": 0.028039642058540672, "MD-Var": [0.02910381115572368, 8.08104735787946e-06], "MD-KL": [0.02947941667129823, 9.443510728193178e-05], "ALOE": [0.028758121667321355, 0.030861136129915673], "MD-Var-W": [0.0012517819847360167, 0.02340855287305439, 0.06965696966207104, 0.007194828592131348, 0.004450273183086898, 0.0013035837518024554, 0.0013214464812634186, 0.02843515147034694, 0.08884038397125174, 0.1635302367661773, 0.03417224211771983, 0.0026420419485310483, 0.19683698546685618, 0.001308456169709113, 0.001517873871556579, 0.10644960406783426, 0.011110065384714566, 0.004394987493059296, 0.00808175563088809, 0.002128095280782489, 0.1302068455781918, 0.002170201738227951, 0.002125505922845848, 0.0019267891580079612, 0.10553534143515335], "MD-KL-W": [0.0012517819847360167, 0.02340855287305439, 0.06965696966207104, 0.007194828592131348, 0.004450273183086898, 0.0013035837518024554, 0.0013214464812634186, 0.02843515147034694, 0.08884038397125174, 0.1635302367661773, 0.03417224211771983, 0.0026420419485310483, 0.19683698546685618, 0.001308456169709113, 0.001517873871556579, 0.10644960406783426, 0.011110065384714566, 0.004394987493059296, 0.00808175563088809, 0.002128095280782489, 0.1302068455781918, 0.002170201738227951, 0.002125505922845848, 0.0019267891580079612, 0.10553534143515335], "ALOE-W": [0.0003206939342400881, 0.036817802975885, 0.08349220563922634, 0.011682502868723906, 0.006560752858529245, 0.0004350826282479206, 0.0004613913229303043, 0.0407513987590802, 0.09795083262094124, 0.1371800748926936, 0.04821998369774173, 0.0031591545110728784, 0.16149758935509959, 0.00044526801255721446, 0.0008750040817045478, 0.10913514913144894, 0.017999541806071884, 0.006563090657741148, 0.013160510577546546, 0.0020988811762808965, 0.11485098013225649, 0.0021704784290387815, 0.0020701282072227586, 0.0016716282960872661, 0.10042987342763142]}