{"0": 319, "1": 26, "2": 37, "3": 12, "4": 14, "5": 8, "6": 14, "7": 5, "8": 6, "9": 30, "10": 11, "11": 5, "12": 4, "13": 2, "14": 2, "15": 1, "16": 0, "17": 0, "18": 1, "19": 0, "20": 2, "21": 0, "22": 0, "23": 1, "Ineqs. Feasibility Check": true, "Significant shift": false, "Min gap in phase angles = min(RHS - LHS)": 0.4493208745964767, "The RHS (phase angle diff max) = ": 0.7853981633974483, "Probability": 0.362190661282001, "MD-Var": [0.3548155880742826, 0.23320532306354258], "MD-KL": [0.33873210800334885, 0.29115389580308776], "ALOE": [0.360271793085134, 0.8959586932046991], "MD-Var-W": [0.0018345560327096221, 0.0018067733836107304, 0.0018060353170144385, 0.0018060257564984203, 0.0018085217592788288, 0.004302794615427568, 0.004302794615427568, 0.0018842428424525163, 0.021985627301670047, 0.0019265640146642225, 0.002905167745974977, 0.002005865424698904, 0.0018273286971406666, 0.0020084980677420095, 0.0018063801173556155, 0.0022019134078347055, 0.002264407710206556, 0.0024016239041300606, 0.0024016239041300606, 0.005093124491638734, 0.03180711905947988, 0.007417147156255015, 0.0024016239041288133, 0.0024010176785149873, 0.0018066558118432173, 0.002149506055051676, 0.0019932840302758137, 0.001819085158665669, 0.0018438770804847372, 0.0018060581554882355, 0.002041855284439796, 0.002041855284439796, 0.00924254309297373, 0.0019016371455089535, 0.0019124851170558008, 0.0018286045940839465, 0.0019159056412639743, 0.0018717883860885018, 0.002267468941169475, 0.0018140617511248373, 0.2599453992079716, 0.03800379576756924, 0.03800379576756924, 0.27137367406498963, 0.003751811965243917, 0.15671363997696205, 0.038003795767553035, 0.037930164441617946, 0.0018543892097058633, 0.0018206983699324232, 0.001935387022941736], "MD-KL-W": [0.0018345560327096221, 0.0018067733836107304, 0.0018060353170144385, 0.0018060257564984203, 0.0018085217592788288, 0.004302794615427568, 0.004302794615427568, 0.0018842428424525163, 0.021985627301670047, 0.0019265640146642225, 0.002905167745974977, 0.002005865424698904, 0.0018273286971406666, 0.0020084980677420095, 0.0018063801173556155, 0.0022019134078347055, 0.002264407710206556, 0.0024016239041300606, 0.0024016239041300606, 0.005093124491638734, 0.03180711905947988, 0.007417147156255015, 0.0024016239041288133, 0.0024010176785149873, 0.0018066558118432173, 0.002149506055051676, 0.0019932840302758137, 0.001819085158665669, 0.0018438770804847372, 0.0018060581554882355, 0.002041855284439796, 0.002041855284439796, 0.00924254309297373, 0.0019016371455089535, 0.0019124851170558008, 0.0018286045940839465, 0.0019159056412639743, 0.0018717883860885018, 0.002267468941169475, 0.0018140617511248373, 0.2599453992079716, 0.03800379576756924, 0.03800379576756924, 0.27137367406498963, 0.003751811965243917, 0.15671363997696205, 0.038003795767553035, 0.037930164441617946, 0.0018543892097058633, 0.0018206983699324232, 0.001935387022941736], "ALOE-W": [0.003195682226398261, 0.00047683295283973724, 0.00020483965937940024, 0.0001985732366334873, 0.0009628734429728613, 0.023551676500164185, 0.023551676500164185, 0.008169217222562733, 0.06101241227372657, 0.007938175129376253, 0.022088957536319443, 0.0063710341865420485, 0.0003851122947045132, 0.0065421930714782235, 0.00025253901957167564, 0.013482519801498642, 0.017639894437737277, 0.014353369826682954, 0.014353369826682954, 0.02445555256643656, 0.06431118523369257, 0.019595044528627814, 0.014353369826708453, 0.014364791718455392, 0.0006115418605376308, 0.008744861763265189, 0.004400062890632175, 0.0033007167142932313, 0.0002170593212523682, 0.00010806865079930532, 0.006514156472945919, 0.006514156472945919, 0.03406739771599228, 0.008935437791580274, 0.0017101506851438112, 0.0032992998454638906, 0.0016579502834535862, 0.0039675651504542525, 0.013594917493072702, 0.0004893394859849551, 0.07812968951702218, 0.06534181006881583, 0.06534181006881583, 0.08379821062993043, 0.03168240254357942, 0.07378814015642961, 0.06534181006882332, 0.06537178158015534, 0.0002710044864728377, 0.0038927549158673733, 0.007097010346914185]}