{"0": 483, "1": 17, "Ineqs. Feasibility Check": true, "Significant shift": false, "Min gap in phase angles = min(RHS - LHS)": 0.07865376012288683, "The RHS (phase angle diff max) = ": 0.7853981633974483, "Probability": 0.03406355711909059, "MD-Var": [0.03387770980999688, 5.463853738353507e-07], "MD-KL": [0.03438315446263414, 1.7808197932173692e-05], "ALOE": [0.033871350216925555, 0.005064436008162169], "MD-Var-W": [0.0013221953704063638, 0.917198604028658, 0.06619022060181369, 0.012735492491003229, 0.002553487508118686], "MD-KL-W": [0.0013221953704063638, 0.917198604028658, 0.06619022060181369, 0.012735492491003229, 0.002553487508118686], "ALOE-W": [0.0014674865944370502, 0.7680990829855204, 0.1791111947122942, 0.044436680737920536, 0.006885554969827789]}