{"0": 449, "1": 7, "2": 8, "3": 7, "4": 1, "5": 3, "6": 2, "7": 12, "8": 5, "9": 1, "10": 1, "11": 2, "12": 1, "13": 0, "14": 0, "15": 1, "Ineqs. Feasibility Check": true, "Significant shift": true, "Min gap in phase angles = min(RHS - LHS)": 0.214447294529719, "The RHS (phase angle diff max) = ": 0.7853981633974483, "Probability": 0.1022891579677455, "MD-Var": [0.11755697698113213, 0.001616927760129804], "MD-KL": [0.11506524235934998, 0.0046916936788157565], "ALOE": [0.1170584712402988, 0.19388277909056917], "MD-Var-W": [0.0012921469839822803, 0.001434320063253115, 0.0012883383495026837, 0.001511080428421093, 0.014498280107767565, 0.06136650049812301, 0.0051569591891983775, 0.003214951322020481, 0.0016071159703989735, 0.0016354213306379835, 0.027787208207463117, 0.05089341053981308, 0.40681549393438843, 0.03684260052928583, 0.0012632595231659607, 0.0026965415504867276, 0.1516019535044978, 0.0014257283040119975, 0.0016395116950101204, 0.0017941623996787944, 0.0012760739762580522, 0.11525572064088248, 0.005541330158472853, 0.001290856016911114, 0.001303313714447769, 0.003212961329904576, 0.0065233062474230755, 0.0012850422919901763, 0.0013355328856625456, 0.0013493378170211605, 0.0018583593509958645, 0.03828881661769257, 0.0012803758102657914, 0.0018732723698384234, 0.0017930385771405097, 0.0012755042080905901, 0.00192874321948687, 0.03756343033640809], "MD-KL-W": [0.0012921469839822803, 0.001434320063253115, 0.0012883383495026837, 0.001511080428421093, 0.014498280107767565, 0.06136650049812301, 0.0051569591891983775, 0.003214951322020481, 0.0016071159703989735, 0.0016354213306379835, 0.027787208207463117, 0.05089341053981308, 0.40681549393438843, 0.03684260052928583, 0.0012632595231659607, 0.0026965415504867276, 0.1516019535044978, 0.0014257283040119975, 0.0016395116950101204, 0.0017941623996787944, 0.0012760739762580522, 0.11525572064088248, 0.005541330158472853, 0.001290856016911114, 0.001303313714447769, 0.003212961329904576, 0.0065233062474230755, 0.0012850422919901763, 0.0013355328856625456, 0.0013493378170211605, 0.0018583593509958645, 0.03828881661769257, 0.0012803758102657914, 0.0018732723698384234, 0.0017930385771405097, 0.0012755042080905901, 0.00192874321948687, 0.03756343033640809], "ALOE-W": [0.00031804247957968867, 0.0015798236414008775, 0.00044700199752977383, 0.0024385545288829608, 0.03922113722844601, 0.08285348726447557, 0.023516447831933518, 0.014737221384923347, 0.003920454400954749, 0.003910798095782327, 0.06038432079189935, 0.07803108140245897, 0.13509354452157257, 0.06764870208069297, 0.00014686203025500926, 0.010929130028124888, 0.11251192345381673, 0.0016168611381788163, 0.004232786568183052, 0.005325738618401801, 0.00022793401922122404, 0.0937411994988152, 0.024355010606840484, 0.0004303687795063762, 0.0006967730066194154, 0.014925282443711364, 0.025519500049601632, 0.00042062571987119764, 0.000739358139812043, 0.0010225556485457675, 0.005808497937496536, 0.0887230167275953, 0.0003482417523888965, 0.005022861319657074, 0.005627065422015139, 0.00027063681657617044, 0.006640496919400954, 0.07661665570483205]}