{"0": 500, "Ineqs. Feasibility Check": true, "Significant shift": false, "Min gap in phase angles = min(RHS - LHS)": 0.5475284230114357, "The RHS (phase angle diff max) = ": 0.7853981633974483, "Probability": 4.073307375899387e-16, "MD-Var": [7.88156459727853e-12, 2.6230499456634354e-40], "MD-KL": [7.88156459727853e-12, 3.328254794253968e-29], "ALOE": [7.88156459727853e-12, 4.984481512051222e-13], "MD-Var-W": [1.0], "MD-KL-W": [1.0], "ALOE-W": [1.0]}