{"0": 500, "Ineqs. Feasibility Check": true, "Significant shift": false, "Min gap in phase angles = min(RHS - LHS)": 0.48247923193504133, "The RHS (phase angle diff max) = ": 0.7853981633974483, "Probability": 4.70320260958562e-13, "MD-Var": [2.5224736801764448e-09, 2.1970770184069046e-31], "MD-KL": [2.501795690050152e-09, 7.296487646177108e-23], "ALOE": [2.595294199144223e-09, 7.580973150504168e-10], "MD-Var-W": [0.23899895048784894, 0.00811307288168895, 0.0017803678436487012, 0.42431712395726406, 0.004197348222196071, 0.0019274059305633105, 0.002287163424079247, 0.0017504524686457218, 0.10476021629775671, 0.005265108135752392, 0.002260269080232071, 0.03739767651030699, 0.06557490027433435, 0.007203758661073532, 0.0019501996792890544, 0.09221598614531971], "MD-KL-W": [0.23899895048784894, 0.00811307288168895, 0.0017803678436487012, 0.42431712395726406, 0.004197348222196071, 0.0019274059305633105, 0.002287163424079247, 0.0017504524686457218, 0.10476021629775671, 0.005265108135752392, 0.002260269080232071, 0.03739767651030699, 0.06557490027433435, 0.007203758661073532, 0.0019501996792890544, 0.09221598614531971], "ALOE-W": [0.24182293900839555, 0.007242883063649261, 0.0008088539568841715, 0.4301061607158964, 0.003264506320060281, 0.0009582446717685737, 0.0013237583285545746, 0.0007784599307363751, 0.10543638783756265, 0.004349350530853086, 0.0012964336727007402, 0.03699604334790737, 0.06562410506910632, 0.0063190197028064575, 0.0009814031225442196, 0.09269145072057394]}