{"MD-Var": [1.0068219963994942, 0.9736709516807719, 1.0197309033294617, 1.0118662360692614, 0.947552748718718, 1.014271984330745, 1.0061802098101311, 0.9649810967076792, 0.9865301106812526, 1.0001593027094133, 1.0117651754963632, 0.9937902274086002, 1.007392838911303, 1.0136448755356895, 0.9928498094594471, 0.9961615790986365, 1.048120721090079, 1.0365682712827509, 0.9782467119131288, 0.9891870065379879, 1.0401573404436804, 0.9948597332572268, 0.9594012427121547, 0.984007765021838, 0.9897182162332621, 1.010463148385273, 0.9739409480510712, 0.9889577849104604, 0.9827034659269078, 1.041978787284905, 0.9917358983080046, 1.0028131260573119, 1.026200515910559, 1.0945785181580874, 0.9931572061026053, 0.9696371722526924, 0.9770890385049781, 1.0080046417342536, 1.0053387147629715, 1.026197049442532, 0.9995594198923593, 1.0190493670801126, 1.0118772937739, 0.977650044536482, 1.0057313448150558, 1.045087115440826, 1.0071450393302284, 0.9979911019112895, 0.9987392896176795, 1.0341465876933424, 1.014834183361251, 0.9840576770875972, 0.9784880253905616, 1.0550472018700725, 0.9883558205200569, 0.9770779597520622, 0.971697940366733, 0.9873574607938904, 1.0136234419878356, 0.9790110173559818, 0.9676280222266596, 1.0258627232645205, 0.9549556795766904, 0.9640591540374005, 1.0051098446361821, 0.9822276540859091, 0.9987669878611198, 0.9980986426600431, 0.9978690033438675, 1.0437764042050601, 1.0050023288110188, 1.011608499789361, 1.0041088949430195, 1.014684096646623, 1.020522857707469, 1.0478746300074486, 0.9659732514351111, 1.0172840984064666, 1.03425416522553, 1.0116923120907935, 1.0009496771766087, 0.9854835871926583, 0.9744639934374504, 0.9805367136950981, 0.9886983690404889, 0.9680012291948152, 1.0041956532943035, 0.9870420783464341, 0.9961130315519257, 1.0045507073264985, 1.0069937958890725, 0.9911052019146365, 0.9879971460029903, 1.0221145350771548, 0.983371014955293, 0.990605703087123, 0.9943565462964733, 1.0104650361219507, 0.9853553989110322, 0.9782626753841257], "MC": [0.0, 0.0, 0.0, 0.0, 0.0, 0.0, 0.0, 0.0, 0.0, 0.0, 0.0, 0.0, 0.0, 0.0, 0.0, 0.0, 0.0, 0.0, 0.0, 0.0, 0.0, 0.0, 0.0, 0.0, 0.0, 0.0, 0.0, 0.0, 0.0, 0.0, 0.0, 0.0, 0.0, 0.0, 0.0, 0.0, 0.0, 0.0, 0.0, 0.0, 0.0, 0.0, 0.0, 0.0, 0.0, 0.0, 0.0, 0.0, 0.0, 0.0, 0.0, 0.0, 0.0, 0.0, 0.0, 0.0, 0.0, 0.0, 0.0, 0.0, 0.0, 0.0, 0.0, 0.0, 0.0, 0.0, 0.0, 0.0, 0.0, 0.0, 0.0, 0.0, 0.0, 0.0, 0.0, 0.0, 0.0, 0.0, 0.0, 0.0, 0.0, 0.0, 0.0, 0.0, 0.0, 0.0, 0.0, 0.0, 0.0, 0.0, 0.0, 0.0, 0.0, 0.0, 0.0, 0.0, 0.0, 0.0, 0.0, 0.0], "MD-KL": [1.0196806515416705, 0.986473458511633, 1.0136014543159502, 0.9895478994029124, 0.9601162025208467, 0.9998993075026622, 0.9975442104285331, 0.9785754438531157, 0.9998247079681397, 1.0101236044199646, 0.9937936963898525, 1.0011483689626401, 1.012548407661478, 0.9795009262463862, 0.9639907291907944, 1.0081964667849048, 1.0181594021567568, 1.044391357217397, 1.014404961052393, 0.9762241954185665, 1.0449310055153622, 0.9875348029696988, 0.94268036977855, 0.9768948787678225, 1.0113453809410775, 0.9967260210538761, 1.0036585872977983, 1.0065084259269272, 0.9662600378378018, 1.010535248587474, 0.9913978570577687, 1.0014942365529327, 1.0238001575148203, 1.0246765353628977, 0.9895634883009864, 0.9760346060626819, 1.00536395632416, 1.0070939419818727, 1.0000172214010834, 1.026328682535154, 0.9946950180128654, 0.9871913704635713, 1.0306896817812314, 0.9880011448509999, 1.0007800742209272, 1.0280508425322223, 1.0153784659085072, 0.9724292614274591, 0.979424271598381, 1.0086434591868272, 1.0050786893290815, 0.9713870416032533, 0.9691138850759766, 1.053306081209377, 0.9867232675110286, 1.0083842070841746, 0.9669318603229203, 1.023220501354531, 1.0200642741719064, 0.9544472306725305, 0.9581521350602473, 1.005135134679734, 0.9636387281645374, 0.9706120569642315, 1.0227503494202426, 0.9778340311738264, 1.0138535942970641, 1.0229186629195688, 0.9903334788322289, 1.0135581049663618, 0.9964712900909355, 1.002125444990589, 1.0282650315476158, 1.03086289206804, 0.9949257063646315, 1.0359657822983026, 0.9787774950354663, 1.0006338916752306, 1.005098738174116, 1.0063336444765734, 1.0107727864209437, 1.0068102352558865, 0.9972002109286512, 0.9631946135439232, 0.9683359836101358, 0.9526700045056595, 0.9874782749784315, 0.9537517549866533, 0.9953057762229104, 0.9818540739937583, 0.9973275401329453, 1.0412060240126362, 0.9961122993052289, 1.006421622431173, 0.9800619550841786, 0.9917846988222632, 0.9997584647640608, 1.0384400453387082, 1.001722222949963, 0.9881873484923432], "ALOE": [1.0088756399598164, 0.9801135023045466, 0.9894253943688466, 0.9892672473021633, 0.9694187909062204, 1.0110304679084203, 0.9835333362663068, 0.9856804323717545, 0.9917271777071632, 1.0235734184742185, 0.9750788526959655, 0.9916590204910862, 1.0074640100932737, 1.0176718846630854, 0.9887553911740213, 0.9970835773847415, 1.023220664613251, 1.0540699089629522, 1.0171129636668002, 0.9818133928237508, 1.011447041692606, 1.01228459362266, 0.9466738477875545, 0.9840410485988275, 1.010154960206098, 0.9948480925747508, 0.9802743304769304, 1.0026796897875607, 0.9714229149523022, 0.9863008866615527, 1.0200979111321216, 0.9998891718218782, 1.0217262292811824, 1.056966370946724, 0.9911745392096869, 0.9641482631641386, 1.008185353604997, 1.032346663749122, 0.9948104847506095, 1.038985177724867, 0.990482963934536, 1.0444895417520628, 1.019322204116959, 0.9689949800842795, 1.023618458383023, 1.0184742361319545, 1.0105826241834053, 1.0186530573675954, 0.9734524553070415, 1.0087117799082321, 0.9921007542166121, 0.9617301943499267, 1.0040418691988076, 1.0164810018675596, 1.0108844023383778, 0.9995083629145636, 0.9813518897323131, 1.012437785839533, 1.0155695110136884, 0.9658811657354126, 0.9651889659554713, 0.9995703639529689, 0.9565602314970741, 0.9645747245353108, 1.0046489584055582, 0.9669354345401536, 1.002550160257444, 0.9975616706805442, 1.0031925559135835, 1.0186417991087207, 0.9941716308776819, 1.0318640312048128, 1.0382716211515581, 1.008385144425744, 1.0038172997010357, 1.061985516563629, 0.9533249230878401, 1.0084086526548215, 1.0066852408544635, 0.9888835975857645, 1.0019530296815968, 0.9688684001493366, 0.9733109535975069, 0.968035478128462, 0.9628885985917595, 0.9799125847191681, 1.0096455817472574, 1.007781961212489, 0.982937975148503, 0.9883281303535781, 0.9788839998443469, 1.0178505311207735, 0.9821759561975795, 1.0514944868148521, 0.9668325856110577, 1.0084587712038364, 1.036143839232352, 1.0242081819632303, 0.9949417379660807, 0.9841198042157602]}