{"MC": [0.35, 0.33999999999999997, 0.27, 0.38, 0.22999999999999998, 0.38, 0.29000000000000004, 0.33999999999999997, 0.33999999999999997, 0.26, 0.31000000000000005, 0.29000000000000004, 0.28, 0.31000000000000005, 0.39, 0.43000000000000005, 0.32999999999999996, 0.29000000000000004, 0.27, 0.31000000000000005, 0.38, 0.31999999999999995, 0.4, 0.36, 0.27, 0.35, 0.22999999999999998, 0.29000000000000004, 0.37, 0.20999999999999996, 0.31000000000000005, 0.31999999999999995, 0.25, 0.33999999999999997, 0.27, 0.31999999999999995, 0.26, 0.30000000000000004, 0.32999999999999996, 0.32999999999999996, 0.33999999999999997, 0.31000000000000005, 0.41000000000000003, 0.29000000000000004, 0.29000000000000004, 0.37, 0.32999999999999996, 0.31000000000000005, 0.4, 0.36, 0.28, 0.35, 0.25, 0.20999999999999996, 0.30000000000000004, 0.28, 0.33999999999999997, 0.32999999999999996, 0.29000000000000004, 0.41000000000000003, 0.29000000000000004, 0.30000000000000004, 0.32999999999999996, 0.31000000000000005, 0.39, 0.20999999999999996, 0.30000000000000004, 0.26, 0.33999999999999997, 0.4, 0.30000000000000004, 0.37, 0.31000000000000005, 0.29000000000000004, 0.31999999999999995, 0.36, 0.26, 0.29000000000000004, 0.30000000000000004, 0.25, 0.31000000000000005, 0.31999999999999995, 0.29000000000000004, 0.31000000000000005, 0.29000000000000004, 0.32999999999999996, 0.35, 0.37, 0.36, 0.37, 0.29000000000000004, 0.32999999999999996, 0.30000000000000004, 0.31000000000000005, 0.36, 0.31999999999999995, 0.30000000000000004, 0.31999999999999995, 0.39, 0.32999999999999996, 0.35], "MD-Var": [0.41024337631701824, 0.4430640297870114, 0.16009552042195532, 0.3615605663886898, 0.43464293646695745, 0.16008476520737103, 0.160091147798028, 0.16009894434413366, 0.16009393388356247, 0.1600826391280506, 0.35375624045064896, 0.4285838213627414, 0.460304947250698, 0.1601023182479301, 0.16008552722424674, 0.42040550088254314, 0.49543566495197444, 0.16009280938360118, 0.4796827651932349, 0.35456349097996376, 0.43771562259179625, 0.1600927213283704, 0.16008884380206645, 0.43994228785579087, 0.16009598950401407, 0.3901922952261577, 0.16007895394881536, 0.16009910321509552, 0.370593137563608, 0.4283740625820268, 0.4226384710720339, 0.16008364244444773, 0.16008990549077975, 0.3532627974585692, 0.1600965587057893, 0.4242188377345572, 0.16007527912589206, 0.49625370839525734, 0.1600856905720097, 0.39270154242401395, 0.4098519680428888, 0.16008556909377344, 0.4582469674451329, 0.1600815176270672, 0.44241623824821064, 0.4519116502228917, 0.16008721926505495, 0.16008809348580072, 0.43153454017029075, 0.38736176204207373, 0.35564744002266285, 0.16009824440778891, 0.4230490868064494, 0.4036371822990638, 0.4596323981419873, 0.1600833952431989, 0.43410228251555816, 0.16008075925379206, 0.37278536431128595, 0.4122815312768525, 0.40831788583417244, 0.4367046006490483, 0.1600955814403101, 0.38042011586456936, 0.3811638306844998, 0.16008565732063318, 0.3784292741538425, 0.16008866006148226, 0.1600976105053222, 0.16009754938453194, 0.16010871281520145, 0.4525137378000384, 0.16010180151092507, 0.4850802989472369, 0.456743613812533, 0.4686876266631233, 0.3579367539876157, 0.1600986178724561, 0.4597275561069018, 0.45184443848771094, 0.1600959725516012, 0.43464511200890343, 0.16008957898345522, 0.4395079764994411, 0.4541344112642212, 0.16009592254321675, 0.40911905493650613, 0.37414097277737857, 0.36215125182898134, 0.16010294175375317, 0.3987737244565408, 0.16009649026397305, 0.43555367318158134, 0.16009501739243287, 0.39214658652351725, 0.16008581433387176, 0.4081624428541554, 0.16008974270963544, 0.4065617098059423, 0.16009986800153647, 0.379063536236838], "MD-KL": [0.15948569715359986, 0.5324497149131326, 0.15953531664942067, 0.5836593789664642, 0.5153014332679364, 0.4692953105890794, 0.43697755866024, 0.15954720468285238, 0.6694512543205012, 0.4986126172265061, 0.6055156634267337, 0.1595163800064891, 0.5527918166659409, 0.5437032002005732, 0.7339565638074967, 0.1594975217665273, 0.15954709530380395, 0.159522078712791, 0.6593976350903568, 0.5003115170861084, 0.6464005859433225, 0.5270116959758083, 0.49313731309273484, 0.15953006000491257, 0.15953817349998298, 0.15952340356404912, 0.15948511945298036, 0.15954823233974144, 0.15953921474774627, 0.1594792084774678, 0.587114821538509, 0.531557145158088, 0.15951969557102383, 0.5071322391309458, 0.15953854748456364, 0.15957080662493275, 0.1594755843520193, 0.44152124926777775, 0.5757150223261174, 0.5567192843265102, 0.6484865710183401, 0.5984787926241828, 0.15951300040351754, 0.3646581226121308, 0.15950966939760933, 0.15951592517814922, 0.15951146821663742, 0.15951161988857826, 0.7694250627429953, 0.3800260989953732, 0.15950332971079684, 0.1595397137842695, 0.15959860535175807, 0.15947425659005857, 0.15951184760776319, 0.15949470079963968, 0.5270897775461427, 0.15948559373515064, 0.15953553925401484, 0.4478722584138835, 0.15953932195151677, 0.15956658773170893, 0.1595388014182867, 0.15951905937215505, 0.1595164022513055, 0.1595027820949129, 0.1595385836829994, 0.15952110773426623, 0.5702361580344018, 0.1595433773898884, 0.1595758645242044, 0.15954332554675113, 0.1595514308119664, 0.470464330625783, 0.6439614858812069, 0.15950548591974398, 0.15959779327313328, 0.6830665616435699, 0.15953606171112836, 0.15947352841337184, 0.15953192707839073, 0.43480045755154484, 0.15951300066792634, 0.15948904112749315, 0.55453889062834, 0.47043586266896237, 0.15951952509341533, 0.5773338861539126, 0.1595019158534205, 0.15955919541392377, 0.5060103490759269, 0.15954358156947, 0.5005114267923534, 0.15952829206159153, 0.5893369685177607, 0.15950974661570239, 0.5813916037030393, 0.15952265006751856, 0.1595513731740103, 0.6082045810537982, 0.15953317822347604], "ALOE": [0.3173105078629143, 0.3173105078629143, 0.16025783225399703, 0.3173105078629143, 0.16025783225399703, 0.3173105078629143, 0.3173105078629143, 0.3173105078629143, 0.6314158590807487, 0.4743631834718314, 0.16025783225399703, 0.16025783225399703, 0.16025783225399703, 0.16025783225399703, 0.16025783225399703, 0.3173105078629143, 0.3173105078629143, 0.16025783225399703, 0.16025783225399703, 0.3173105078629143, 0.16025783225399703, 0.16025783225399703, 0.3173105078629143, 0.16025783225399703, 0.4743631834718314, 0.4743631834718314, 0.16025783225399703, 0.16025783225399703, 0.3173105078629143, 0.3173105078629143, 0.3173105078629143, 0.4743631834718314, 0.16025783225399703, 0.3173105078629143, 0.3173105078629143, 0.16025783225399703, 0.16025783225399703, 0.6314158590807487, 0.6314158590807487, 0.3173105078629143, 0.4743631834718314, 0.3173105078629143, 0.4743631834718314, 0.3173105078629143, 0.16025783225399703, 0.3173105078629143, 0.3173105078629143, 0.3173105078629143, 0.3173105078629143, 0.3173105078629143, 0.3173105078629143, 0.16025783225399703, 0.16025783225399703, 0.16025783225399703, 0.3173105078629143, 0.16025783225399703, 0.16025783225399703, 0.3173105078629143, 0.3173105078629143, 0.3173105078629143, 0.6314158590807487, 0.16025783225399703, 0.3173105078629143, 0.3173105078629143, 0.4743631834718314, 0.4743631834718314, 0.16025783225399703, 0.4743631834718314, 0.3173105078629143, 0.3173105078629143, 0.16025783225399703, 0.3173105078629143, 0.4743631834718314, 0.16025783225399703, 0.6314158590807487, 0.4743631834718314, 0.3173105078629143, 0.16025783225399703, 0.3173105078629143, 0.16025783225399703, 0.4743631834718314, 0.16025783225399703, 0.3173105078629143, 0.6314158590807487, 0.16025783225399703, 0.7884685346896662, 0.3173105078629143, 0.3173105078629143, 0.4743631834718314, 0.16025783225399703, 0.6314158590807487, 0.3173105078629143, 0.3173105078629143, 0.4743631834718314, 0.16025783225399703, 0.4743631834718314, 0.3173105078629143, 0.3173105078629143, 0.3173105078629143, 0.3173105078629143, 0.3173105078629143], "Target": 0.31731050786291415}