{"MD-Var": {"exp": 2.6813691211963967e-28, "std": 2.1354635934682347e-97}, "MD-KL": {"exp": 2.6813691211963967e-28, "std": 7.964079158618098e-70}, "ALOE": {"exp": 2.6813691211963967e-28, "std": 3.1337566495727974e-29}, "ALOE-inf": {"exp": 2.6813691211963967e-28, "std": 3.792028576924372e-30}}