{"MD-Var": {"exp": 1.0381781173120155, "std": 1452.388031594615}, "MD-KL": {"exp": 0.9917727303284603, "std": 102.2173951501684}, "ALOE": {"exp": 0.9807544703023241, "std": 0.1131476256533506}, "ALOE-inf": {"exp": 1.0102833471925952, "std": 43.97203636380365}}