{"MD-Var": {"exp": 0.574208567074635, "std": 0.6678609168997431}, "MD-KL": {"exp": 0.586169682921891, "std": 0.398373626503955}, "ALOE": {"exp": 0.5836409116512989, "std": 0.07964852702119497}, "ALOE-inf": {"exp": 0.5568381845045751, "std": 0.1980367881878596}}