{"MD-Var": {"exp": 6.648437294270631e-13, "std": 9.923442963184343e-44}, "MD-KL": {"exp": 6.648437294270631e-13, "std": 1.4925978126823857e-31}, "ALOE": {"exp": 6.648437294270631e-13, "std": 7.770129228195261e-14}, "ALOE-inf": {"exp": 6.648437294270631e-13, "std": 9.402310190144613e-15}}