{"MD-Var": {"exp": 3.655649400238569e-13, "std": 3.989619308132243e-45}, "MD-KL": {"exp": 3.655649400238569e-13, "std": 1.0916937463675458e-32}, "ALOE": {"exp": 3.655649400238569e-13, "std": 1.456272077320111e-14}, "ALOE-inf": {"exp": 3.655649400238569e-13, "std": 5.1682752173305985e-15}}