{"MD-Var": {"exp": 0.03429174458344937, "std": 3.9633287220550384e-07}, "MD-KL": {"exp": 0.03412513450110831, "std": 1.8805673036583578e-05}, "ALOE": {"exp": 0.03414590099031858, "std": 0.0015049772897257885}, "ALOE-inf": {"exp": 0.03396565243909099, "std": 0.0011324423181948292}}