{"MD-Var": {"exp": 0.034147477262336, "std": 1.1970198417530642e-06}, "MD-KL": {"exp": 0.03418405458418486, "std": 3.459089274113446e-05}, "ALOE": {"exp": 0.03414590099023001, "std": 0.004030328246982714}, "ALOE-inf": {"exp": 0.0339632650409734, "std": 0.001132442318191869}}