{"MD-Var": {"exp": 0.010580391475028813, "std": 1.5769706108007566e-07}, "MD-KL": {"exp": 0.011033878002786213, "std": 4.927213016374308e-06}, "ALOE": {"exp": 0.010737563450891824, "std": 0.0020367640498416217}, "ALOE-inf": {"exp": 0.010964930043305973, "std": 0.0017132254143540663}}