{"MD-Var": {"exp": 0.00012072361233717613, "std": 1.4757158038825888e-15}, "MD-KL": {"exp": 0.0001203537731569187, "std": 1.2029630850747087e-11}, "ALOE": {"exp": 0.00012133426661890045, "std": 4.823351553155928e-06}, "ALOE-inf": {"exp": 0.00012085795679935475, "std": 2.442614459208648e-06}}