{"MD-Var": {"exp": 1.0092712104630157, "std": 3242.305805506168}, "MD-KL": {"exp": 1.0162355428114687, "std": 189.9801820837322}, "ALOE": {"exp": 0.9786284990049945, "std": 0.12239454173074038}, "ALOE-inf": {"exp": 1.0172809089837938, "std": 79.43023474515314}}