{"MD-Var": {"exp": 1.0240800547676967, "std": 321.39733141572685}, "MD-KL": {"exp": 1.0253725755654, "std": 33.49362027462173}, "ALOE": {"exp": 0.9171779920630923, "std": 0.11977219535582875}, "ALOE-inf": {"exp": 1.010984229058267, "std": 14.061964651655282}}