{"MD-Var": {"exp": 6.973027822784069e-57, "std": 8.232340275152601e-198}, "MD-KL": {"exp": 6.973027822784069e-57, "std": 1.1806726424688577e-141}, "ALOE": {"exp": 6.973027822784069e-57, "std": 2.7785816729405622e-58}, "ALOE-inf": {"exp": 6.97267917951644e-57, "std": 1.3945730705121388e-58}}