{"MD-Var": {"exp": 7.043759349111502e-23, "std": 1.6152315677788495e-78}, "MD-KL": {"exp": 7.043759349111502e-23, "std": 2.293199554829646e-56}, "ALOE": {"exp": 7.043759349111502e-23, "std": 8.231928882172668e-24}, "ALOE-inf": {"exp": 7.043759349111502e-23, "std": 9.961114743438445e-25}}