{"MD-Var": {"exp": 0.20309729745616567, "std": 0.01675552234225573}, "MD-KL": {"exp": 0.20420227920051592, "std": 0.026153215021587163}, "ALOE": {"exp": 0.18005115065623598, "std": 0.03015349640579023}, "ALOE-inf": {"exp": 0.20165126228614355, "std": 0.04291158397566284}}