{"MD-Var": {"exp": 7.881564597277304e-12, "std": 5.194133782628968e-40}, "MD-KL": {"exp": 7.881564597277304e-12, "std": 6.590572433671909e-29}, "ALOE": {"exp": 7.881564597277304e-12, "std": 9.210827705559614e-13}, "ALOE-inf": {"exp": 7.881564597277304e-12, "std": 1.1145639493535734e-13}}