{"MD-Var": {"exp": 0.08413418871094225, "std": 0.00015162683356499367}, "MD-KL": {"exp": 0.08304921265433034, "std": 0.002892834740782094}, "ALOE": {"exp": 0.085244804078916, "std": 0.00879771295512093}, "ALOE-inf": {"exp": 0.08387784982701652, "std": 0.014473376100371027}}