{"MD-Var": {"exp": 0.13755460656509233, "std": 0.00199857969072352}, "MD-KL": {"exp": 0.13087529739535766, "std": 0.004649211377442372}, "ALOE": {"exp": 0.13575565269131087, "std": 0.018165630113328817}, "ALOE-inf": {"exp": 0.13680978566024496, "std": 0.048842399082207895}}