{"MD-Var": {"exp": 0.008779517080906754, "std": 3.3646513838178254e-08}, "MD-KL": {"exp": 0.008844224150800637, "std": 1.8395547088679061e-06}, "ALOE": {"exp": 0.0089722606949061, "std": 0.0007158823473191723}, "ALOE-inf": {"exp": 0.008887823672855014, "std": 0.0010140720598105653}}