{"MD-Var": {"exp": 0.0022937613744792194, "std": 1.1275871990043677e-10}, "MD-KL": {"exp": 0.002293638408414632, "std": 4.9225915743378504e-08}, "ALOE": {"exp": 0.002293761660543394, "std": 0.0002676886153365881}, "ALOE-inf": {"exp": 0.002290440504825486, "std": 5.6104392173800376e-05}}