{"MD-Var": {"exp": 3.655649400364789e-13, "std": 1.251618269254897e-44}, "MD-KL": {"exp": 3.655649400364789e-13, "std": 3.42484766542159e-32}, "ALOE": {"exp": 3.655649400364789e-13, "std": 4.271095668489821e-14}, "ALOE-inf": {"exp": 3.655649400364789e-13, "std": 5.168275217509056e-15}}