{"MD-Var": {"exp": 2.3221161347731352e-08, "std": 6.229731875303986e-28}, "MD-KL": {"exp": 2.3221161347731352e-08, "std": 2.6827822183469234e-20}, "ALOE": {"exp": 2.3221161347731352e-08, "std": 2.7138922503801043e-09}, "ALOE-inf": {"exp": 2.3221161347731352e-08, "std": 3.2839681312005727e-10}}