{"MD-Var": {"exp": 0.003097078023748426, "std": 3.0438965041475814e-10}, "MD-KL": {"exp": 0.003102169631058782, "std": 9.767999487101488e-08}, "ALOE": {"exp": 0.0030970785898261598, "std": 0.0003574113070656897}, "ALOE-inf": {"exp": 0.0031035166030339294, "std": 7.630571282097504e-05}}