{"MD-Var": {"exp": 2.725056841897324e-69, "std": 0.0}, "MD-KL": {"exp": 2.725056841897324e-69, "std": 1.2644118231135998e-172}, "ALOE": {"exp": 2.725056841897324e-69, "std": 1.0858940501176535e-70}, "ALOE-inf": {"exp": 2.725056841897324e-69, "std": 3.853812344048791e-71}}