{"MD-Var": {"exp": 6.082343421034045e-09, "std": 3.273300561102861e-30}, "MD-KL": {"exp": 6.149057219399743e-09, "std": 4.534146199926292e-22}, "ALOE": {"exp": 6.1506443853597336e-09, "std": 1.336909492735852e-09}, "ALOE-inf": {"exp": 6.219912407177956e-09, "std": 3.090033236918384e-10}}