{"MD-Var": {"exp": 0.00010626502591724917, "std": 2.734702212862092e-15}, "MD-KL": {"exp": 0.00010626502591724917, "std": 2.5757292188204854e-11}, "ALOE": {"exp": 0.00010626502591724917, "std": 1.2408477634801013e-05}, "ALOE-inf": {"exp": 0.00010626502591724918, "std": 1.5014982670625306e-06}}