{"MD-Var": {"exp": 0.014684641799311386, "std": 5.567424864397813e-08}, "MD-KL": {"exp": 0.014669782746391663, "std": 3.779157364353368e-06}, "ALOE": {"exp": 0.014611545897661423, "std": 0.0017045625288998139}, "ALOE-inf": {"exp": 0.014643035315783244, "std": 0.0004142582528289831}}