{"MD-Var": {"exp": 5.090718601356376e-64, "std": 2.957404245723495e-222}, "MD-KL": {"exp": 5.090718601356376e-64, "std": 5.809404285178462e-159}, "ALOE": {"exp": 5.090718601356376e-64, "std": 5.949599830174218e-65}, "ALOE-inf": {"exp": 5.0907186013563766e-64, "std": 7.199363288263181e-66}}