{"MD-Var": {"exp": 0.00029499560002411063, "std": 1.9801811565323862e-13}, "MD-KL": {"exp": 0.00028709168843711987, "std": 3.6245773764139465e-10}, "ALOE": {"exp": 0.00029765663495266454, "std": 6.566006629409659e-05}, "ALOE-inf": {"exp": 0.0002833804596509642, "std": 2.5519482360157314e-05}}