{"MD-Var": {"exp": 1.0202050822667496e-20, "std": 5.696962805838653e-71}, "MD-KL": {"exp": 1.0202050822667496e-20, "std": 5.584134900779772e-51}, "ALOE": {"exp": 1.0202050822667496e-20, "std": 1.1923291109785328e-21}, "ALOE-inf": {"exp": 1.0202050822667495e-20, "std": 1.4427878637435964e-22}}