{"MD-Var": {"exp": 0.20290277876438412, "std": 0.003836734186697336}, "MD-KL": {"exp": 0.1862742553308881, "std": 0.07162935675165437}, "ALOE": {"exp": 0.19894055630707835, "std": 0.020007933444801528}, "ALOE-inf": {"exp": 0.20115098169694678, "std": 0.04291158397566328}}