{"MD-Var": {"exp": 5.830419094254217e-06, "std": 1.2473124735737168e-19}, "MD-KL": {"exp": 5.830419094254217e-06, "std": 2.1393188929028574e-14}, "ALOE": {"exp": 5.830419094254217e-06, "std": 6.814098445992243e-07}, "ALOE-inf": {"exp": 5.830419094254216e-06, "std": 8.24545710551616e-08}}