{"MD-Var": {"exp": 0.08301079996482859, "std": 0.00015359439876360835}, "MD-KL": {"exp": 0.0814541951715755, "std": 0.0010925092298830709}, "ALOE": {"exp": 0.08155878165597456, "std": 0.009028686511968255}, "ALOE-inf": {"exp": 0.08292182846360943, "std": 0.01447337610037078}}