{"MD-Var": {"exp": 0.00028764667188991514, "std": 8.06583544738754e-14}, "MD-KL": {"exp": 0.00028764667188991514, "std": 2.8042678229731885e-10}, "ALOE": {"exp": 0.00028764667188991514, "std": 3.3615419367868634e-05}, "ALOE-inf": {"exp": 0.00028764667188991514, "std": 4.067662078535422e-06}}