{"MD-Var": {"exp": 1.0241289572855516, "std": 97.69898716652887}, "MD-KL": {"exp": 0.9888852002097409, "std": 10.437073012756427}, "ALOE": {"exp": 0.9914005400054943, "std": 0.05004162353134709}, "ALOE-inf": {"exp": 1.0082209447924089, "std": 14.061964651672668}}