{"MD-Var": {"exp": 8.167243613489587e-15, "std": 2.1102826942021413e-50}, "MD-KL": {"exp": 8.167243613489587e-15, "std": 2.583837086378386e-36}, "ALOE": {"exp": 8.167243613489587e-15, "std": 9.545181146501058e-16}, "ALOE-inf": {"exp": 8.167243613489587e-15, "std": 1.1550226685402018e-16}}