{"MD-Var": {"exp": 0.00818873120039806, "std": 9.475676341525095e-08}, "MD-KL": {"exp": 0.00893319024714258, "std": 6.071622457259261e-06}, "ALOE": {"exp": 0.008580380482649889, "std": 0.0010563698413138434}, "ALOE-inf": {"exp": 0.008774890576403495, "std": 0.001014072059810532}}