{"MD-Var": {"exp": 0.00012096787442111532, "std": 4.733418631827689e-15}, "MD-KL": {"exp": 0.00012035706204549386, "std": 3.856455584200388e-11}, "ALOE": {"exp": 0.00012218918168124807, "std": 1.4273602324051174e-05}, "ALOE-inf": {"exp": 0.00012084574372866544, "std": 2.442614459241141e-06}}