{"MD-Var": {"exp": 0.4191510594430127, "std": 0.047028222384897664}, "MD-KL": {"exp": 0.43052413090631053, "std": 0.12524925522623964}, "ALOE": {"exp": 0.41209641971343075, "std": 0.02997094342673853}, "ALOE-inf": {"exp": 0.41365124546713766, "std": 0.12484015837404129}}