{"MD-Var": {"exp": 0.4312969272601389, "std": 0.2482558762820508}, "MD-KL": {"exp": 0.4214618989485645, "std": 0.15937968478701342}, "ALOE": {"exp": 0.38525145665090776, "std": 0.049063953106160865}, "ALOE-inf": {"exp": 0.41171995053248456, "std": 0.12484015837404064}}