{"MD-Var": {"exp": 0.47090933605003177, "std": 0.2901152841111616}, "MD-KL": {"exp": 0.5312303980388657, "std": 0.3230266842003698}, "ALOE": {"exp": 0.49005379420797107, "std": 0.06844303414772908}, "ALOE-inf": {"exp": 0.49515319502082683, "std": 0.15865417436707913}}