{"MD-Var": {"exp": 2.9616721205692534e-132, "std": 0.0}, "MD-KL": {"exp": 2.9616721205692534e-132, "std": 0.0}, "ALOE": {"exp": 2.9616721205692534e-132, "std": 3.461351004723705e-133}, "ALOE-inf": {"exp": 2.9616721205692534e-132, "std": 4.1884368802113227e-134}}